{"cameraMode":{"drawMode":0,"name":"Shaded","section":"Shading Mode"},"sceneLighting":false,"audioPlay":false,"sceneViewState":{"showFog":true,"showMaterialUpdate":false,"showSkybox":true,"showFlares":true,"showImageEffects":true,"showParticleSystems":true},"in2DMode":false,"pivot":{"x":12.17484188079834,"y":2.9104061126708986,"z":-6.783150672912598},"rotation":{"x":-0.06596958637237549,"y":0.8963505625724793,"z":-0.14263920485973359,"w":-0.41456106305122378},"size":7.912383556365967,"orthographic":false}